owner,nftId,merkleAmt
0x2408e836ebfcf135731df4cf357c10a7b65193bf,0,0.1
0x72495d2dd7f0b1efd05ee76a1c582801386a9320,1,8000000
0x68ab805dc4afc0b8701e45cedf8baa937f5cd3f1,2,0
0x68ab805dc4afc0b8701e45cedf8baa937f5cd3f1,3,0
0xd0fe971732e547059ea6009c79a2d6155bdb41a4,4,1562.90623
0x92b39b14aa07c309317ea0c1d5a76b2808ef0ae4,5,1201430.726
0xdd03f927926c9ae1d06b0760535ff10576ce87e3,6,207.63461
0x0e8d670d40f8784c7ebb1f1a67902a6086f5f87c,7,5558.3082
0xd0fe971732e547059ea6009c79a2d6155bdb41a4,8,0
0x72c5cd18a51d53db34072546a7a38a4f73600d92,9,0
0x2e6a27556bf03125b4db4704fcc86247d432365b,10,200.95587
0x259af9a30cd456d0d614e60beb54e15824a85a1b,11,645.28559
0xbaf88b32025aeaefee010013da46098382475ddc,12,1741.60145
0x3714e1078cb6f67ef01442b4213012b16889926f,13,1280390.47
0xce29cec7552ab3c9cf5264ed96081c2804c3ef07,14,3864.7242
0x468c2ede01b07c19d90f6c9b67617d1d7e6e2200,15,25000
0xc24badf40e4687ea6a318fa86e4dea8d7c307626,16,31.9032019
0x00ab97c782c661fb3d08c96dce06176938101211,17,0
0x72c5cd18a51d53db34072546a7a38a4f73600d92,18,0
0x25d8a0d5708bca2130ccb0338e3d564d9827b07a,19,0
0x5f4d787692b0ab325df37e0b999c452d4561a8e6,20,1560.204719
0xc24badf40e4687ea6a318fa86e4dea8d7c307626,21,5000
0x2b01501c2e2e3200e68f1fdc557a10c82bf05626,22,0
0x00ab97c782c661fb3d08c96dce06176938101211,23,0
0xcd7d70bb7034102ee0c828fbb83776e0137dea8d,24,9000
0x92864dcc5595d5693aa64304a19962c5184df7d7,25,10
0x72c5cd18a51d53db34072546a7a38a4f73600d92,26,0
0xa7195c71aa20481fa0c093e51323f8a4d3a2f5d2,27,10
0xc24badf40e4687ea6a318fa86e4dea8d7c307626,28,5000
0x5d5421f657a46ca82d0585f7eaaa7d7717a8d7bc,29,1
0xfa22dc3a2f64ec353d8ce30f798966355b7154b6,30,11.6202462
0x620f9712999f768600f995666775e7a40d151659,31,0
0xc24badf40e4687ea6a318fa86e4dea8d7c307626,32,5000
0xbad30f9f758e4c533fb9cde65fae5154f0430148,33,0
0x708df04e03ac02c440937be6e631fa8b46cb89bc,34,178.9679
0x88023c305b471649d326b7b95149146f4b5308b5,35,0
0x9d0a96a24d9c4033c882a3c4a3c33ced4254581b,36,103.48623
0xdaa8cb6ab1c9affcc012a5a023ef1b79f91c6297,37,494.96478
0xfb7405075f2dd0a2aaca6ca2d87d56e09577d6ef,38,0
0x0a83985e4a6e8dae2b67bed4f2d9268f6806ce00,39,0
0x60fb4b046b07ce529fb93598286339873d26dd0c,40,0
0xfb7405075f2dd0a2aaca6ca2d87d56e09577d6ef,41,0
0xfb7405075f2dd0a2aaca6ca2d87d56e09577d6ef,42,0
0x0b878b6e1b43e4f5ad543a1bfdc8890455aa9a0b,43,0
0xa6a2ad1320cec227f24f404fccc120b71b41757d,44,200
0xc6302894cd030601d5e1f65c8f504c83d5361279,45,1674.59211
0x72c5cd18a51d53db34072546a7a38a4f73600d92,46,0
0x47c465e7beac169081371969c0fcf62d10c84ef7,47,833.46614
0xed2e383243e8c6bcb65870be017bd1104d74b8f2,48,0.33493
0x7c9457a775015eee6e098cb1a4ba6cf9b0fdf3c0,49,0
0x3214e141bdae08be1f382a885cf3d2a448a5e780,50,900
0xa8470d7e5052f64f87db7e5d40ca660cfe339531,51,595.85524
0xacb17fc73cf202ebe532e107cec195d50dee61dd,52,57177.66856
0x88023c305b471649d326b7b95149146f4b5308b5,53,0
0x0962bd7010249356eb89363ce7773c4a53fc97cb,54,0
0x3a1ca7d233b732d50f9da07dd240573c89b7e07c,55,0
0x3a1ca7d233b732d50f9da07dd240573c89b7e07c,56,0
0x6fe797a05359c9d91b1f85d418e2ed4ea6c65a8f,57,0
0x2408e836ebfcf135731df4cf357c10a7b65193bf,58,0.01
0x369606edde71fb6ec43353330796544852bad340,59,0
0x7eb010ee94df76f0310b9abcda8ffc301983d6bf,60,1
0x72c5cd18a51d53db34072546a7a38a4f73600d92,61,0
0xd8bc0f7888b26e1c71ff43b487e8c76871d80eb6,62,773.46819
0x7a4e47a4e99e7d5eb9bb5a619e4475d1dc7b3ab9,63,523.868
0x71b700181b31747f28a7cde2c26b503a2335c0ad,64,0
0x6573948aef66b3eb45f35ab5c7516678f86d7cc2,65,129.7611158
0x14edc2ce4e34d610539543e19dbeac3ea8ac7d11,66,0
0x00001ef108843ab7c937974c54c42360da8f9000,67,1.52044
0x0d0c4d8bc5029e8420e1fab78d1373ea175f4bae,68,0
0x6d5c8b593958ee0cb7ad6ac2531ab1b818186857,69,800
0x6d5c8b593958ee0cb7ad6ac2531ab1b818186857,70,463.97446
0x0d0c4d8bc5029e8420e1fab78d1373ea175f4bae,71,0
0x14edc2ce4e34d610539543e19dbeac3ea8ac7d11,72,0
0xa529dbf959fc80f9db66d990b47eb33e26c416a0,73,0
0xa6a2d935363669ea08723798284bc3fcdc58f9cd,74,0
0x14edc2ce4e34d610539543e19dbeac3ea8ac7d11,75,0
0x708df04e03ac02c440937be6e631fa8b46cb89bc,76,0
0x38476bc1deb12f317cabc3f49fbbb80fbab6f3ec,77,0
0x0c9c3ba64072eb566b0e9a4b6bb0d7b204d68469,78,0
0x38476bc1deb12f317cabc3f49fbbb80fbab6f3ec,79,0
0x7eb010ee94df76f0310b9abcda8ffc301983d6bf,80,1164.79902
0x2b9ec7493e1bbbaa88c0a40c36963920d0a4e386,81,0
0xdaadaf4f2d94cdd4274eecf794c3d5c27f647476,82,268.8615
0x00ab97c782c661fb3d08c96dce06176938101211,83,0
0xa529dbf959fc80f9db66d990b47eb33e26c416a0,84,0
0xf63be97ff407e614f9db7e7ecf8ce1b087b5f644,85,0
0x6bd3b05516cd794ff8ae28648fcdfc930c1abc42,86,0
0x5192fa6618869ffd9fe6230d94b0e4c8f57adcb2,87,10
0x605088609f9ac2f1f4571c4ed57a9318dd381f0a,88,0
0xfb9623855f4fb10152b0e173007b51c98399768e,89,3.1100151
0x47c465e7beac169081371969c0fcf62d10c84ef7,90,0
0x8a87448948625e7ea7822bff2c740c5cf9723d4c,91,72.454
0xcff8097b146dc56f40bdf34e18e0283dd404765f,92,0
0x71b700181b31747f28a7cde2c26b503a2335c0ad,93,0
0x56fed5bb34d8ecae854a58502befe1e1fed679c0,94,253.78137
0xe53d3f2b99fe0ed6c05977bc0547127836f0d78d,95,0
0x56fed5bb34d8ecae854a58502befe1e1fed679c0,96,0
0x9d480d2e3a1a3e5fe678ca8b932b4ca7d1503e2c,97,0
0x56fed5bb34d8ecae854a58502befe1e1fed679c0,98,0
0x0a83985e4a6e8dae2b67bed4f2d9268f6806ce00,99,0
0x821be125973279e5ce5eacf2f9360dcaa9cad53e,100,658.02526
0x755ce5f31617ded6e41d15cc51d8ff642ce10e9d,101,22.32647
0xc12de812ae612b6d514b52d529f97f6acb524c8e,102,0
0x6573948aef66b3eb45f35ab5c7516678f86d7cc2,103,33.7581635
0x9d480d2e3a1a3e5fe678ca8b932b4ca7d1503e2c,104,0
0xbfa700edc21a6bf09d22cea1bba95fc54e7b6dc5,105,9522.869795
0x0a83985e4a6e8dae2b67bed4f2d9268f6806ce00,106,0
0xdb2b9d473014d8c6a5e55da92205199457ba6624,107,0
0x64368face21029a646d823c0afcbb4da08ce9b78,108,10
0xbad30f9f758e4c533fb9cde65fae5154f0430148,109,0
0x4b4759c59d003a126abda7f2e1a16fa7dc4f0b29,110,0
0xbad30f9f758e4c533fb9cde65fae5154f0430148,111,0
0xa4a62f7127c644aaef733029e0d052e411fdafb4,112,1341.33307
0xe0a86afb73c0922a50d4a985a25507ecda8a9b51,113,400
0x6c0d470d97ef1f230eef10a5c848afcc8261ed67,114,0.21117
0x5a437400ef10265aaedad47cd3520c885d11514e,115,0
0x5a437400ef10265aaedad47cd3520c885d11514e,116,0
0x352bf5e59a4c1a0e4403278fe5c9189f63afde3c,117,4000
0x5a437400ef10265aaedad47cd3520c885d11514e,118,0
0x0507b3ffe3836ad0f256f3d53b8fa7653e54e2eb,119,102.21451
0x71b700181b31747f28a7cde2c26b503a2335c0ad,120,0
0xc766545ef68b49e5c70f4e04c52a9caf27b9a9a6,121,422.13859
0xa4a62f7127c644aaef733029e0d052e411fdafb4,122,2693.9397
0xc6302894cd030601d5e1f65c8f504c83d5361279,123,0
0x9aae12dd452f78ae8919c2168717e7348392ad11,124,0
0x67dacc258dccc8cbfb493c652ab5170c3cff0ad9,125,0
0xbad30f9f758e4c533fb9cde65fae5154f0430148,126,0
0x2705a3516dd983c81ab7fb17d075c77ff118d510,127,1011.14441
0x58ef5039e1c799c4c2a454fae28a2dee21916e44,128,100.9405177
0x708df04e03ac02c440937be6e631fa8b46cb89bc,129,0
0x6e81417b312917305d12f76fa3b6bd66ffaa75e7,130,0
0x11cae591f2e1f3503ed8d62af85eb92aee2f4046,131,0
0xf63be97ff407e614f9db7e7ecf8ce1b087b5f644,132,0
0x98a529e3488c2d44566881feab335b17b1c3b430,133,5
0xc12de812ae612b6d514b52d529f97f6acb524c8e,134,0
0x0962bd7010249356eb89363ce7773c4a53fc97cb,135,0
0x0962bd7010249356eb89363ce7773c4a53fc97cb,136,0
0x3a39899dc78b7307acd83f51463c853fa79e1b09,137,125.51726
0x0962bd7010249356eb89363ce7773c4a53fc97cb,138,0
0x794b769d5c7e4d66d9a8d1da91e9cb7a94bb18e7,139,28.08997
0xdb2b9d473014d8c6a5e55da92205199457ba6624,140,0
0x2322ac6e94110c5c902ac20cd6d64da07a41a3e8,141,14.1054822
0x816b673bc7cdc2afb886fa3b745bb2c02b9dc8ba,142,0
0xbfa700edc21a6bf09d22cea1bba95fc54e7b6dc5,143,16492.79657
0xbfa700edc21a6bf09d22cea1bba95fc54e7b6dc5,144,0
0xbfa700edc21a6bf09d22cea1bba95fc54e7b6dc5,145,0
0xbfa700edc21a6bf09d22cea1bba95fc54e7b6dc5,146,0
0x3a1ca7d233b732d50f9da07dd240573c89b7e07c,147,0
0xe53d3f2b99fe0ed6c05977bc0547127836f0d78d,148,0
0x72c5cd18a51d53db34072546a7a38a4f73600d92,149,0
0x2b01501c2e2e3200e68f1fdc557a10c82bf05626,150,0
0x0b997e226b63fded87673bc8b43ba24477b8147a,151,125
0xc766545ef68b49e5c70f4e04c52a9caf27b9a9a6,152,0
0x4a9b562176bd1da06b3cc265f2710251d5e98290,153,0
0xc860c978ce407b561bcbb9121dd2668a1a229a5a,154,1812.94995
0x5b1b5d7f419c8c26a6ed51b46db09ae6376a82da,155,0
0x71b700181b31747f28a7cde2c26b503a2335c0ad,156,0
0x9d480d2e3a1a3e5fe678ca8b932b4ca7d1503e2c,157,0
0x14edc2ce4e34d610539543e19dbeac3ea8ac7d11,158,0
0x9cab916493d31d1114a1d4f9a497aa886c1506e9,159,5000
0x7eb010ee94df76f0310b9abcda8ffc301983d6bf,160,1271.444426
0xcff8097b146dc56f40bdf34e18e0283dd404765f,161,0
0x7eb010ee94df76f0310b9abcda8ffc301983d6bf,162,1276.178168
0xc24badf40e4687ea6a318fa86e4dea8d7c307626,163,7500
0x657a38e6994cb578351376dcdb077330d00665d6,164,10
0x2a0df2e096d378d3d4149539f4eff1a0a748af92,165,0
0x13d4cabc402153cb35be28fc515cbe1342eb8ea8,166,370.29086
0xbad30f9f758e4c533fb9cde65fae5154f0430148,167,0
0xa6a2ad1320cec227f24f404fccc120b71b41757d,168,22.3344
0xc7067dae9f1feb29f2deffa090dc39ef4881f215,169,0
0x6e81417b312917305d12f76fa3b6bd66ffaa75e7,170,0
0x932c5d4c6826857a0389ed351b56355b54cc49f0,171,4095.17303
0xfa537c114edd1d85a6019222c1c0e90707d2088d,172,0
0xc860c978ce407b561bcbb9121dd2668a1a229a5a,173,591.6674005
0x657a38e6994cb578351376dcdb077330d00665d6,174,292.10831
0x6a5f44d24dca8417db339203d9e07d23321f030b,175,111.64382
0x3a1ca7d233b732d50f9da07dd240573c89b7e07c,176,0
0x3a1ca7d233b732d50f9da07dd240573c89b7e07c,177,0
0x780ad0cfd2292ced8eb44ba4a0ea2f70b4551c8b,178,7000
0x60fb4b046b07ce529fb93598286339873d26dd0c,179,0
0x18200c7033ebefdb98fdcf94769da421a0ff898d,180,20
0xaed826444cb27dc08c38a28ef97c5942f9c9123e,181,0
0xbfa700edc21a6bf09d22cea1bba95fc54e7b6dc5,182,0
0xabbf75a59ac8838fa46bd5260501b68ab28b95f6,183,0
0x69b0c84ce54b61b2861867fedb9fa9ff8617d40a,184,1.0407
0x2b9ec7493e1bbbaa88c0a40c36963920d0a4e386,185,0
0x6c2693f5a936f37ed03cfa8465bf2d8beff19a0f,186,100
0x46c4c4781fbcbd501e11ef8d87180c44026a3ec5,187,10
0xae5328c6a42b7a77fd0e3c910ee5470fe37302c0,188,0
0xf712ab8c4505eb4b36a2ff9fa746470be81e6538,189,500
0x2d9b54a0c8768f8343f54c37594e35d7e69b8e3f,190,117.72865
0x7adfccfd3691a99530f632eec3dc480419addd7d,191,719.88046
0x64368face21029a646d823c0afcbb4da08ce9b78,192,0
0x6573948aef66b3eb45f35ab5c7516678f86d7cc2,193,57.1750153
0x6b9e4f287d44cea39cd8ccedaa42488617aa21a7,194,1649.35445
0x49a3aab8ebe80725646937b9e9f6f8b4e9867bfe,195,2253.5
0x71b700181b31747f28a7cde2c26b503a2335c0ad,196,0
0x29dfa3b040a65ee3fc0da515343c18cdd49c635f,197,0
0xe5656d9cf64ff41ceb7e26e819d70df8b66d1595,198,1197
0xdb2b9d473014d8c6a5e55da92205199457ba6624,199,0
0x82ab77185a80a5b74c92d679a02b28b115f21962,200,0
0x352bf5e59a4c1a0e4403278fe5c9189f63afde3c,201,22.5
0x1a6b4006fb0ae3d0404228221fc77cd03d95d347,202,0
0x887e8b6119b38c60cb03cab204c0a704c6e0a473,203,0
0x0bda0f33311e65379461d0a555bbd7669c0eaa22,204,0
0x7a4d255e48646bbc5bdc1378eb5011ebf47f713a,205,178.26225
0xbad30f9f758e4c533fb9cde65fae5154f0430148,206,0
0x58ef5039e1c799c4c2a454fae28a2dee21916e44,207,4845.980322
0x0b878b6e1b43e4f5ad543a1bfdc8890455aa9a0b,208,0
0x51d18e5f6fa6534bb2fbaaf90fd6f3336327fd16,209,0
0xab99c070540ce0aa4c7b978584a6edfca5af37ce,210,4005.91394
0xc9f7113042615ce4796f8cbbfa6f42170d908e05,211,10
0xa7eef766b1f3f3d31a0c7c6ebd0b3f31e9a87634,212,0
0xc9f7113042615ce4796f8cbbfa6f42170d908e05,213,1949.93486
0x11cae591f2e1f3503ed8d62af85eb92aee2f4046,214,0
0x0422211c02fef3f623b1da67a116482b029d8bca,215,1882.46862
0x5f71cd2e7fab7a8d976bd07003ebbfeecb2b9fe2,216,10.0809099
0xb119efdabf71e3b38cdfa393af50e972a1149e89,217,91
0x72c5cd18a51d53db34072546a7a38a4f73600d92,218,0
0xa762e2e666e70da57fb27d48dcf16b64535cb170,219,138.6041515
0x9ad92f7f5ef6f4bff83c2e10298a927f0ad7952a,220,58
0x76c2cd1b8a249f465f8445c455cb78e0eed36f1e,221,14769.5
0xf10fb2fd902cbeb9bccef76cc9f4756eff76c92c,222,0
0x9ad92f7f5ef6f4bff83c2e10298a927f0ad7952a,223,12.5
0x59d2e0a2be0db463c36038a5fd2535f58ab3b38f,224,68.41763
0xb119efdabf71e3b38cdfa393af50e972a1149e89,225,1712.5
0x7495f82f53f151decf4fe96eabae4f395ae3e2c8,226,15533.36532
0x0b878b6e1b43e4f5ad543a1bfdc8890455aa9a0b,227,0
0xeb1b02ca1302746b9c71c845520a1b7e0ecd5777,228,0
0x21d9c1d2cdcb44b04e6ded64dd89bcf5fcb09ce5,229,1
0x21d9c1d2cdcb44b04e6ded64dd89bcf5fcb09ce5,230,99999
0xeb1b02ca1302746b9c71c845520a1b7e0ecd5777,231,0
0x1c3283871ab8df8dde77436eff8ce5d4fd88efc8,232,44.64988
0xa219712cc2aaa5aa98ccf2a7ba055231f1752323,233,0
0x1adcf07389b1f6605c44a7683c50a5243829a92c,234,1
0x1adcf07389b1f6605c44a7683c50a5243829a92c,235,1
0xccdb3b5f90b0d5fffdfcc5c5b47966f6b4e5ea6e,236,0
0x92ad59e397363c7b545f92fe2adfb2c07ccbac65,237,162
0xf0de256d741910bbe86173f02c795e1034cda0db,238,1283.6833
0xc24badf40e4687ea6a318fa86e4dea8d7c307626,239,10.8997516
0x7eb010ee94df76f0310b9abcda8ffc301983d6bf,240,1309.147533
0x7eb010ee94df76f0310b9abcda8ffc301983d6bf,241,1309.558355
0x7eb010ee94df76f0310b9abcda8ffc301983d6bf,242,1309.949194
0x7eb010ee94df76f0310b9abcda8ffc301983d6bf,243,1310.320033
0x7eb010ee94df76f0310b9abcda8ffc301983d6bf,244,1310.670856
0x7eb010ee94df76f0310b9abcda8ffc301983d6bf,245,1311.00165
0x7eb010ee94df76f0310b9abcda8ffc301983d6bf,246,1311.312399
0x7eb010ee94df76f0310b9abcda8ffc301983d6bf,247,1311.603093
0x7eb010ee94df76f0310b9abcda8ffc301983d6bf,248,1311.87372
0x7eb010ee94df76f0310b9abcda8ffc301983d6bf,249,1312.12427
0x7eb010ee94df76f0310b9abcda8ffc301983d6bf,250,1312.354733
0x7eb010ee94df76f0310b9abcda8ffc301983d6bf,251,1312.565103
0x7eb010ee94df76f0310b9abcda8ffc301983d6bf,252,1312.755371
0x7eb010ee94df76f0310b9abcda8ffc301983d6bf,253,1312.925533
0xc24badf40e4687ea6a318fa86e4dea8d7c307626,254,7.376875
0x7eb010ee94df76f0310b9abcda8ffc301983d6bf,255,1313.075584
0x7eb010ee94df76f0310b9abcda8ffc301983d6bf,256,1313.205519
0x7eb010ee94df76f0310b9abcda8ffc301983d6bf,257,1313.315279
0x7eb010ee94df76f0310b9abcda8ffc301983d6bf,258,1313.404921
0x7eb010ee94df76f0310b9abcda8ffc301983d6bf,259,1313.474444
0x7eb010ee94df76f0310b9abcda8ffc301983d6bf,260,1313.523848
0x49a3aab8ebe80725646937b9e9f6f8b4e9867bfe,261,54.3440085
0xc24badf40e4687ea6a318fa86e4dea8d7c307626,262,4010.042014
0xc29dac18bf481c1615caebea293b84c15b383828,263,144.05997
0x00ab97c782c661fb3d08c96dce06176938101211,264,0
0x71b700181b31747f28a7cde2c26b503a2335c0ad,265,0
0x8a6eeb9b64eeba8d3b4404bf67a7c262c555e25b,266,21.28244
0x72c5cd18a51d53db34072546a7a38a4f73600d92,267,0
0x72c5cd18a51d53db34072546a7a38a4f73600d92,268,0
0x648cf383a4fe746a0e507fbb522e6ecbffc8ec25,269,688.91682
0xa6a2d935363669ea08723798284bc3fcdc58f9cd,270,0
0xfa01c614b923a3a6574719574ca4311e8a1ae08c,271,71.60117
0xa6a2d935363669ea08723798284bc3fcdc58f9cd,272,0
0x3a1ca7d233b732d50f9da07dd240573c89b7e07c,273,0
0xd957f18cd94be11f28f3e744e8f1e4f8aa6f48d2,274,0
0x46c4c4781fbcbd501e11ef8d87180c44026a3ec5,275,2560.52741
0x84d0f74d21a89f86b67e9a38d8559d0b4e10f12d,276,0
0x932c5d4c6826857a0389ed351b56355b54cc49f0,277,0
0x72c5cd18a51d53db34072546a7a38a4f73600d92,278,0
0xe3d37b1b353fee1e7bba0f09963bd6802ff2f1e9,279,5976.49985
0x7326fb88d7f9279b2bf237fda4d051afc6e6fa5b,280,707.08745
0x72c5cd18a51d53db34072546a7a38a4f73600d92,281,0
0x21d9c1d2cdcb44b04e6ded64dd89bcf5fcb09ce5,282,100000
0x72c5cd18a51d53db34072546a7a38a4f73600d92,283,0
0x72c5cd18a51d53db34072546a7a38a4f73600d92,284,0
0x37633c9f778c44e852914c7056cbbbf75323dfd6,285,29.8599
0xc24badf40e4687ea6a318fa86e4dea8d7c307626,286,734.9570827
0x0bda0f33311e65379461d0a555bbd7669c0eaa22,287,0
0xe087e491aee404c189e893c0e06f3e23a8575ccc,288,2.5795568
0xc24badf40e4687ea6a318fa86e4dea8d7c307626,289,5000
0xc7b4b9e9b62069b4c747ee63a88d6900839ca697,290,800000
0x560d03f2b20e9047714fea87cc113d95a3fc7179,291,0
0x72c5cd18a51d53db34072546a7a38a4f73600d92,292,0
0x0fe1aa632a2837239f218e3efad21e8018a9f4ef,293,150
0x4fa6b043dc07ac6081f0ffd1d62e937f5e4d63cf,294,0
0x657a38e6994cb578351376dcdb077330d00665d6,295,0
0xcd7d70bb7034102ee0c828fbb83776e0137dea8d,296,729.5848093
0x71b700181b31747f28a7cde2c26b503a2335c0ad,297,0
0x6573948aef66b3eb45f35ab5c7516678f86d7cc2,298,8.4658154
0x9d480d2e3a1a3e5fe678ca8b932b4ca7d1503e2c,299,0
0xa727c0fb46970024d43c03f937d9d271943823d0,300,27.80127
0x0bda0f33311e65379461d0a555bbd7669c0eaa22,301,0
0xa219712cc2aaa5aa98ccf2a7ba055231f1752323,302,0
0x4815ee939fe2efec2f7bc415f0ce2282f6417fe9,303,1344.53968
0xca7c767854b1e7305de07247ab85e30543d1d9c9,304,386158.6141
0xca7c767854b1e7305de07247ab85e30543d1d9c9,305,0
0xe815443c879aab2f4b6aacaef34464d719351548,306,0
0xda90a6e5b488a617c49a412a198b8187b7e9c999,307,0
0x71b700181b31747f28a7cde2c26b503a2335c0ad,308,0
0x9d480d2e3a1a3e5fe678ca8b932b4ca7d1503e2c,309,0
0x7adfccfd3691a99530f632eec3dc480419addd7d,310,0
0xfe3a593fb8a90185a8e31edc8eb02e7d889d52f0,311,9.37952
0x88023c305b471649d326b7b95149146f4b5308b5,312,0
0xa762e2e666e70da57fb27d48dcf16b64535cb170,313,99.9999985
0x98a529e3488c2d44566881feab335b17b1c3b430,314,16956.48156
0x42cdcf83de17756c8362e73571e89c060759ee21,315,0
0x42cdcf83de17756c8362e73571e89c060759ee21,316,0
0xe2d7c679aedc71dcfd65eb381107f8beb0f65666,317,111.66646
0xa6a2d935363669ea08723798284bc3fcdc58f9cd,318,0
0x2322ac6e94110c5c902ac20cd6d64da07a41a3e8,319,1.9999978
0xcd7d70bb7034102ee0c828fbb83776e0137dea8d,320,799.6847849
0x523d0cd051e272856a2c925c08a5fba8425c4944,321,85
0x7adfccfd3691a99530f632eec3dc480419addd7d,322,0
0xa6a2d935363669ea08723798284bc3fcdc58f9cd,323,0
0x0bda0f33311e65379461d0a555bbd7669c0eaa22,324,0
0x0bda0f33311e65379461d0a555bbd7669c0eaa22,325,0
0xc24badf40e4687ea6a318fa86e4dea8d7c307626,326,16676.7211
0xb47e31a043b326008bffbf00e832bfd3fd7ea101,327,36.10619
0xc817eff12fd883b20b9fd91df00b029390ec1ffb,328,1.8878765
0xc817eff12fd883b20b9fd91df00b029390ec1ffb,329,2859.184904
0x72495d2dd7f0b1efd05ee76a1c582801386a9320,330,3000000
0xc14352ad978771051f46a3c8eebd43add56a6899,331,1000
0xc14352ad978771051f46a3c8eebd43add56a6899,332,400.35655
0x7adfccfd3691a99530f632eec3dc480419addd7d,333,0
0x060e02320fc82a7bf148a443c34920204d56e7bd,334,140.76187
0xfb9623855f4fb10152b0e173007b51c98399768e,335,2.2278549
0xbb1bf082b1a61131d3345c1f99da32af592da2fb,336,63.2824167
0x7911fa8d5bfce62ef68b714d5b51a65a5732b101,337,0
0x0bda0f33311e65379461d0a555bbd7669c0eaa22,338,0
0x1ee840962f7e8414092a25a216ec94d06e4600d5,339,25
0x127e25d2106cf05d4198096ed750f9c3c69f8a1d,340,0
0xe5656d9cf64ff41ceb7e26e819d70df8b66d1595,341,1556.60817
0x7e028136aaf176b8e338581c0e62857d8b7f5ef4,342,0
0x6fbfdba3bcbf9fa6ee165c72714ed814a0950a70,343,1000
0x68acb2051b73c2342be78cd1a7e5ca44483d10c5,344,0
0x0b878b6e1b43e4f5ad543a1bfdc8890455aa9a0b,345,0
0xf712ab8c4505eb4b36a2ff9fa746470be81e6538,346,27.9254799
0x00ab97c782c661fb3d08c96dce06176938101211,347,0
0x00ab97c782c661fb3d08c96dce06176938101211,348,0
0x59d2e0a2be0db463c36038a5fd2535f58ab3b38f,349,0
0xc6302894cd030601d5e1f65c8f504c83d5361279,350,0
0xc6302894cd030601d5e1f65c8f504c83d5361279,351,0
0xd77ee49bad638da26775779e830339dc3f61ede1,352,0
0x0bda0f33311e65379461d0a555bbd7669c0eaa22,353,0
0x5f4d787692b0ab325df37e0b999c452d4561a8e6,354,276
0x88023c305b471649d326b7b95149146f4b5308b5,355,0
0x68acb2051b73c2342be78cd1a7e5ca44483d10c5,356,0
0x88023c305b471649d326b7b95149146f4b5308b5,357,0
0x5a437400ef10265aaedad47cd3520c885d11514e,358,0
0x7adfccfd3691a99530f632eec3dc480419addd7d,359,0
0xc24badf40e4687ea6a318fa86e4dea8d7c307626,360,1113.857852
0xcd7d70bb7034102ee0c828fbb83776e0137dea8d,361,973.7338675
0x0bda0f33311e65379461d0a555bbd7669c0eaa22,362,0
0x32144a3f0ed8145aa42896a811c7a7ceb1717f24,363,0
0xfc3267cc1ead34059f43a70eda456b29d1d64214,364,0
0x45a6194d91156e0b6b54bb2cb816fead54593dcc,365,0
0xe49f9c282fe9c9bec52905cf11fbb93a59568fd9,366,930.56594
0x9ad92f7f5ef6f4bff83c2e10298a927f0ad7952a,367,25.0910822
0x7adfccfd3691a99530f632eec3dc480419addd7d,368,0
0x0bda0f33311e65379461d0a555bbd7669c0eaa22,369,0
0x6a4bf9162f59339162530d2fd576a2604212e9f9,370,0
0x6a4bf9162f59339162530d2fd576a2604212e9f9,371,0
0x6a4bf9162f59339162530d2fd576a2604212e9f9,372,0
0x1ee840962f7e8414092a25a216ec94d06e4600d5,373,35
0xacb17fc73cf202ebe532e107cec195d50dee61dd,374,27185.10428
0x5a437400ef10265aaedad47cd3520c885d11514e,375,0
0xa24b12943dd600052ba36a2543f3598c5b6baf3b,376,41.957
0xa24b12943dd600052ba36a2543f3598c5b6baf3b,377,100.0006532
0x7adfccfd3691a99530f632eec3dc480419addd7d,378,0
0x7adfccfd3691a99530f632eec3dc480419addd7d,379,0
0x0bda0f33311e65379461d0a555bbd7669c0eaa22,380,0
0x1ee840962f7e8414092a25a216ec94d06e4600d5,381,45.2168354
0x69c63d29af4bd1d381fba58a90b50ca016abd0e8,382,1572.86052
0x3214e141bdae08be1f382a885cf3d2a448a5e780,383,65.30129
0xfc963a93457c5644e51d955f3b2d3012e27ab3dd,384,0
0x46c4c4781fbcbd501e11ef8d87180c44026a3ec5,385,0
0x4fa6b043dc07ac6081f0ffd1d62e937f5e4d63cf,386,0
0xcd7d70bb7034102ee0c828fbb83776e0137dea8d,387,2093.247898
0xad5fca9974c2e8f2ff56718a65bb6f93f3d6f6c9,388,69.3770566
0x0b997e226b63fded87673bc8b43ba24477b8147a,389,2000
0x0b878b6e1b43e4f5ad543a1bfdc8890455aa9a0b,390,0
0xc01bbf841048c8357c2e81df9d08ae43dfb80942,391,851.05624
0x0bda0f33311e65379461d0a555bbd7669c0eaa22,392,0
0xad5fca9974c2e8f2ff56718a65bb6f93f3d6f6c9,393,36.1054895
0x21d9c1d2cdcb44b04e6ded64dd89bcf5fcb09ce5,394,230000
0xab99c070540ce0aa4c7b978584a6edfca5af37ce,395,0
0x79785b784d43e2fcc6a675728b5052b8e4c4c7f0,396,8
0xad5fca9974c2e8f2ff56718a65bb6f93f3d6f6c9,397,36.1626013
0x7adfccfd3691a99530f632eec3dc480419addd7d,398,0
0x0bda0f33311e65379461d0a555bbd7669c0eaa22,399,0
0xa24b12943dd600052ba36a2543f3598c5b6baf3b,400,58.05
0x0b997e226b63fded87673bc8b43ba24477b8147a,401,15
0x79785b784d43e2fcc6a675728b5052b8e4c4c7f0,402,1.05762
0xdb0132c875ea7a00c4a6283da592ae6500205396,403,576.77645
0xad5fca9974c2e8f2ff56718a65bb6f93f3d6f6c9,404,17.6675927
0xacb17fc73cf202ebe532e107cec195d50dee61dd,405,78884.7318
0xcdc0b6ea0875e8d7519edf7942625111685d6e9b,406,168.08538
0x0b997e226b63fded87673bc8b43ba24477b8147a,407,7.37
0xc24badf40e4687ea6a318fa86e4dea8d7c307626,408,2182.244318
0x708df04e03ac02c440937be6e631fa8b46cb89bc,409,0
0x1bfb00d16514560bb95d4312fdd39553395077af,410,23814.98
0x0bda0f33311e65379461d0a555bbd7669c0eaa22,411,0
0x6fbfdba3bcbf9fa6ee165c72714ed814a0950a70,412,9000
0x1ee840962f7e8414092a25a216ec94d06e4600d5,413,125.2707243
0xed49897346840472cc0fe51a1d7e2aeebc30284b,414,0
0xf6f2aa1b475630f5591f59d3c9b66d36d864146e,415,0.09408
0x49a3aab8ebe80725646937b9e9f6f8b4e9867bfe,416,2435.366662
0x0b997e226b63fded87673bc8b43ba24477b8147a,417,2.5
0x0b997e226b63fded87673bc8b43ba24477b8147a,418,2.5
0x0bda0f33311e65379461d0a555bbd7669c0eaa22,419,0
0xf10fb2fd902cbeb9bccef76cc9f4756eff76c92c,420,0
0x18e8b8fb3c843121b24e4fe7672fbc46c3c50631,421,326.752
0x9ad92f7f5ef6f4bff83c2e10298a927f0ad7952a,422,9390.117188
0x7c9457a775015eee6e098cb1a4ba6cf9b0fdf3c0,423,0
0x4fb0a29c1efd289c837a1a00f02457f08bceb26c,424,1968.47943
0xa24b12943dd600052ba36a2543f3598c5b6baf3b,425,50.0009993
0xa24b12943dd600052ba36a2543f3598c5b6baf3b,426,50.1981475
0x7e9d2fa27745a7a61b5b433d6e413496b2da9ee2,427,0.5582729
0x5816bd4eba5e1674b830faf9e3857bdadea75646,428,0
0xa909be1ac709bc08bd8cd69604cee197360b3e33,429,0
0x60c92e245e2bb56b12d9ccf52398e4b79ff71dab,430,11.22253
0x4fb0a29c1efd289c837a1a00f02457f08bceb26c,431,0
0x7c9eb06dfbb320d9eb6cff26c83b0573c5e38c52,432,0
0x7c9eb06dfbb320d9eb6cff26c83b0573c5e38c52,433,0
0x7c9eb06dfbb320d9eb6cff26c83b0573c5e38c52,434,0
0x7c9eb06dfbb320d9eb6cff26c83b0573c5e38c52,435,0
0xa8470d7e5052f64f87db7e5d40ca660cfe339531,436,0
0xacb17fc73cf202ebe532e107cec195d50dee61dd,437,72923.47642
0x60495321279827a6954447da313f82970f51c7ee,438,36906.43294
0x004ab0f6171ff2d5cb44b6d50cf8eb2edc56105d,439,6703
0x6fbfdba3bcbf9fa6ee165c72714ed814a0950a70,440,25000
0x83b285e802d76055169b1c5e3bf21702b85b89cb,441,300000
0x83b285e802d76055169b1c5e3bf21702b85b89cb,442,219956.0053
0x6ba58cd30014a861b11ed429200bd1dd8277dcf7,443,0
0x7e9d2fa27745a7a61b5b433d6e413496b2da9ee2,444,1.2340171
0x72495d2dd7f0b1efd05ee76a1c582801386a9320,445,987743.8484
0xe29ce1ee78e2c4fbb1045a4d409f6077b21e0cdc,446,99.05331
0x6fa5cf633f5659bcf10da3b6cc689c1d283116a5,447,12606.76527